{
  "accuracy": 0.714,
  "f1": 0.7025260029717681,
  "roc_auc": 0.7781011928493691,
  "cv_mean": {
    "test_accuracy": 0.7195892857142857,
    "test_f1": 0.7077859999684948,
    "test_roc_auc": 0.7827988658562636
  }
}